{
    "epoch": 39.99746626598315,
    "eval_loss": 0.12254923582077026,
    "eval_runtime": 17.2895,
    "eval_samples_per_second": 168.311,
    "eval_steps_per_second": 42.107
}